{
  "version": "1.1.0",
  "diagrams": [
    {
      "ordinal": 0,
      "scrollPosition": {
        "x": 0,
        "y": 0
      },
      "nodes": [
        {
          "location": {
            "x": 0,
            "y": 0
          },
          "nodeIndex": "supermarket_sales - Sheet1",
          "nodeLineageTag": "84eec21f-26fe-48a6-8127-9a7923e1bcb6",
          "size": {
            "height": 300,
            "width": 234
          },
          "zIndex": 4
        },
        {
          "location": {
            "x": 348.0512820512821,
            "y": 0
          },
          "nodeIndex": "Date",
          "nodeLineageTag": "4d08f103-145f-41e0-b425-1da79722eefd",
          "size": {
            "height": 200,
            "width": 234
          },
          "zIndex": 5
        },
        {
          "location": {
            "x": 0,
            "y": 418.32383343668295
          },
          "nodeIndex": "Cust table",
          "nodeLineageTag": "42ec3918-728b-421c-949d-d739d2b4a13f",
          "size": {
            "height": 128,
            "width": 234
          },
          "zIndex": 1
        },
        {
          "location": {
            "x": 338.31436314363128,
            "y": 427.02527059682689
          },
          "nodeIndex": "Geography Table",
          "nodeLineageTag": "e5249b37-2595-43e8-9819-0a362f634673",
          "size": {
            "height": 217.38461538461542,
            "width": 234
          },
          "zIndex": 2
        },
        {
          "location": {
            "x": 613.76735459662291,
            "y": 324.19040674683146
          },
          "nodeIndex": "Product table",
          "nodeLineageTag": "ea7bdec0-2b24-40cb-8fef-872da5f6c554",
          "size": {
            "height": 128,
            "width": 234
          },
          "zIndex": 3
        }
      ],
      "name": "All tables",
      "zoomValue": 54,
      "pinKeyFieldsToTop": false,
      "showExtraHeaderInfo": false,
      "hideKeyFieldsWhenCollapsed": false,
      "tablesLocked": false
    }
  ],
  "selectedDiagram": "All tables",
  "defaultDiagram": "All tables"
}